Parameters;causal_precision-mean;causal_precision-std;causal_recall-mean;causal_recall-std;causal_f1-score-mean;causal_f1-score-std;non_causal_precision-mean;non_causal_precision-std;non_causal_recall-mean;non_causal_recall-std;non_causal_f1-score-mean;non_causal_f1-score-std;macro avg_precision-mean;macro avg_precision-std;macro avg_recall-mean;macro avg_recall-std;macro avg_f1-score-mean;macro avg_f1-score-std;weighted avg_precision-mean;weighted avg_precision-std;weighted avg_recall-mean;weighted avg_recall-std;weighted avg_f1-score-mean;weighted avg_f1-score-std;accuracy-mean;accuracy-std
0.4_0.008_6000_qwen2.5:14b_0.0_0.5_0.02_0.0_0.0_0.0_1.0_0.5_0.02;0.695201561965292;0.03186407541812154;0.8118311607697082;0.050521519373586725;0.7470195832726351;0.014521111581285301;0.8843319307558906;0.02198031855076279;0.7972041536050156;0.03819665754413919;0.8375112641424185;0.013783085926307158;0.7897667463605913;0.011357645030431917;0.804517657187362;0.0127515589983946;0.7922654237075267;0.011373359884637203;0.8162791986483742;0.010186888917690906;0.8024801603206413;0.012384635782170366;0.8049565904221605;0.011517733611627471;0.8024801603206413;0.012384635782170366
0.4_0.008_6000_qwen2.5:14b_0.0_0.5_0.02_0.0_0.0_0.0_1.0_0.5_0.02;0.6839135247878669;0.02155561366895236;0.8162383612662942;0.05540014953174185;0.7428340515132495;0.021377781381847705;0.8856812999544665;0.02711184245711431;0.7865634796238244;0.03249608504849973;0.8322354995441323;0.012991607715817219;0.7847974123711666;0.013528634224309317;0.8014009204450593;0.018123928121456318;0.7875347755286908;0.01469350322922036;0.8130652233448112;0.015907768608171273;0.7972825651302605;0.013501920389686093;0.8000784407052329;0.013573081401831865;0.7972825651302605;0.013501920389686093
