Parameters;causal_precision-mean;causal_precision-std;causal_recall-mean;causal_recall-std;causal_f1-score-mean;causal_f1-score-std;non_causal_precision-mean;non_causal_precision-std;non_causal_recall-mean;non_causal_recall-std;non_causal_f1-score-mean;non_causal_f1-score-std;macro avg_precision-mean;macro avg_precision-std;macro avg_recall-mean;macro avg_recall-std;macro avg_f1-score-mean;macro avg_f1-score-std;weighted avg_precision-mean;weighted avg_precision-std;weighted avg_recall-mean;weighted avg_recall-std;weighted avg_f1-score-mean;weighted avg_f1-score-std;accuracy-mean;accuracy-std
0.3_0.008_3000_phi4:14b_0.0_0.7_0.05_0.0_0.2_0.01_1.0_0.1_0.05;0.763177695407849;0.05143573939126849;0.7634579785264717;0.05377214452883921;0.7624180371330505;0.04536182315409865;0.7834174255373081;0.04340224076999442;0.780679012345679;0.055019568092067456;0.7812624584097176;0.04283287061494156;0.7732975604725784;0.043815496939469546;0.7720684954360754;0.04332006116883005;0.7718402477713842;0.043427187674284655;0.773714286913487;0.04357378396390086;0.7724896019013666;0.043410895319469615;0.7722616527364116;0.04336062043781936;0.7724896019013666;0.043410895319469615
0.3_0.008_3000_phi4:14b_0.0_0.6_0.04_0.0_0.2_0.01_1.0_0.2_0.04;0.6151332008599577;0.30911112814138436;0.5828211773417252;0.2966505437092461;0.5963140451037787;0.2989505814013427;0.7157562087035771;0.09906526531513792;0.835;0.09532837982468811;0.7588667868393332;0.038637885484375634;0.6654447047817674;0.201763992715569;0.7089105886708627;0.10553389886926336;0.677590415971556;0.16712386903930765;0.6680309156800455;0.19623666507291432;0.7152703505644682;0.09576801151821422;0.681700525612857;0.1602421764417233;0.7152703505644682;0.09576801151821422
