Parameters;causal_precision-mean;causal_precision-std;causal_recall-mean;causal_recall-std;causal_f1-score-mean;causal_f1-score-std;non_causal_precision-mean;non_causal_precision-std;non_causal_recall-mean;non_causal_recall-std;non_causal_f1-score-mean;non_causal_f1-score-std;macro avg_precision-mean;macro avg_precision-std;macro avg_recall-mean;macro avg_recall-std;macro avg_f1-score-mean;macro avg_f1-score-std;weighted avg_precision-mean;weighted avg_precision-std;weighted avg_recall-mean;weighted avg_recall-std;weighted avg_f1-score-mean;weighted avg_f1-score-std;accuracy-mean;accuracy-std
0.3_0.008_6000_phi4:14b_0.0_0.6_0.02_0.0_0.3_0.01_1.0_0.1_0.02;0.6093289166973378;0.30613176653844376;0.5687152906330988;0.28529373571990363;0.5878278489934364;0.29447912529145687;0.7040153644804807;0.09346041801030625;0.8355246913580248;0.08965910731806555;0.7536983528190986;0.04070686399930834;0.6566721405889092;0.19945425169356482;0.7021199909955618;0.10271787502096197;0.6707631009062676;0.16549434881973096;0.6584801643166573;0.19528118963499339;0.7075205839911722;0.0959017304366684;0.6740783886211771;0.1605347106341011;0.7075205839911722;0.0959017304366684
0.3_0.008_6000_phi4:14b_0.0_0.6_0.02_0.0_0.3_0.01_1.0_0.1_0.02;0.6192815656565657;0.31144808509520233;0.5822658274713068;0.29280004885838357;0.5996117851103772;0.30077419688504914;0.7149537150896115;0.10005668540427866;0.8431172839506174;0.08616743368024002;0.7630114685529754;0.04548395091288534;0.6671176403730886;0.2050623162177034;0.7126915557109621;0.10869200528322212;0.6813116268316761;0.17120987826697057;0.6689736553805556;0.200916775535851;0.7179186826245649;0.10177245218880886;0.6845643839274881;0.16621377210003624;0.7179186826245649;0.10177245218880886
0.3_0.008_6000_phi4:14b_0.0_0.6_0.02_0.0_0.3_0.01_1.0_0.1_0.02;0.7587094338225604;0.0336162461057978;0.7390225842280638;0.05818653366396979;0.7474849972722313;0.03598241219309373;0.768054426193961;0.03957972316960014;0.7830555555555556;0.03991116679035956;0.7743964031102138;0.02665886004179523;0.7633819300082607;0.0304373795206899;0.7610390698918096;0.03027211352732437;0.7609407001912226;0.030017033197757132;0.7635399159602482;0.030562761726397318;0.7620830150241915;0.029706287252616762;0.7615465332246354;0.029804941851436933;0.7620830150241915;0.029706287252616762
